audio_id,original_filename,sha256,format,codec,duration_seconds,sample_rate,channels,bit_depth,bitrate,file_size_bytes,peak_level,rms_level,clipping_ratio,silence_ratio,decode_status,error_message,duplicate_of,processed_at
23574e2845ce1128,DPM89130.MP3,23574e2845ce1128e625bdf49c86c5c5487ad213feb1c7901a97311571bffc4d,mp3,mp3,33.236,44100,2,,192000,803831,1.0,0.463498,0.058909,0.131523,ok,,,2026-08-31T04:18:23.420801+00:00
e02f52b1536c1068,DPM89136.MP3,e02f52b1536c1068201daa2ec2d5e645298c3bb8294b60aa1a49b16a3685a8b9,mp3,mp3,48.912,44100,2,,192000,1180057,1.0,0.452225,0.054097,0.107825,ok,,,2026-08-31T04:18:24.547109+00:00
c39e276c852870be,DPM89151.MP3,c39e276c852870be9a61395f821473a6f3a6d80a660f01420374f680b7ffefb2,mp3,mp3,61.119,44100,2,,192000,1473025,1.0,0.430954,0.042587,0.076405,ok,,,2026-08-31T04:18:25.899934+00:00
1063b050cd48da0c,DPM89170.MP3,1063b050cd48da0c49846da1bacdb3e060b67226faa4eec78f3f2977be532775,mp3,mp3,16.646,44100,2,,192000,405695,1.0,0.153365,0.000215,0.137881,ok,,,2026-08-31T04:18:27.275165+00:00
42d8b113731cd54b,DPM89196.MP3,42d8b113731cd54b3258a3b1772833f3230d44122aae8444b1db2688647f793c,mp3,mp3,45.156,44100,2,,192000,1089913,1.0,0.339428,0.027513,0.120641,ok,,,2026-08-31T04:18:28.600827+00:00
a9f88a423d9389c7,DPM89197.MP3,a9f88a423d9389c75555d64ca462145a4023778dcaedb7ae4295f2bc5be3f1be,mp3,mp3,39.182,44100,2,,192000,946559,1.0,0.237821,0.007088,0.129487,ok,,,2026-08-31T04:18:29.298953+00:00
0a64730cf00a63aa,DPM89247.MP3,0a64730cf00a63aa271e4bb6aaf74476216e53bf367323f396071eb3e7c98998,mp3,mp3,40.017,44100,2,,192000,966591,1.0,0.41409,0.040236,0.092005,ok,,,2026-08-31T04:18:29.887978+00:00
bd255ef1b87d5dc5,DPM89272.MP3,bd255ef1b87d5dc5ad128d96e5abd8807b7e1b8e4d048cf0b3d9d284b4cf474b,mp3,mp3,122.414,44100,2,,192000,2944125,1.0,0.454119,0.054082,0.100105,ok,,,2026-08-31T04:18:30.462489+00:00
830108f5e918e879,DPM89273.MP3,830108f5e918e879e856f30899205afb4637514571bc07a90ae306f1387b80f7,mp3,mp3,58.38,44100,2,,192000,1407295,1.0,0.50266,0.071465,0.076947,ok,,,2026-08-31T04:18:31.151109+00:00
